Title,Artist,Year,YouTube
"The Underfall Yard","Big Big Train",2009,OLAK5uy_lqFlX_sG6mdiGu1Ky-UFNJz4xcLQ_Qv78
"Grand Tour","Big Big Train",2019,OLAK5uy_kwIU2ctzl4IUVQUy4TXHHYc7y7ZliOTIg
"Hounds Of Love","Bush, Kate",1985,OLAK5uy_myrEBs-bnmBCDOAk1wn5nPvJ2gs88dlE8
"Stay For The Ending","District 97",2023,OLAK5uy_kUHAVfYbF0qHXmsVTuRDGcbfmeRczhxNk
"Trouble With Machines","District 97",2012,OLAK5uy_kOxN7hQjFMLt6qlhzZBmCJ9HePfECqbSE
"Duke","Genesis",1980,OLAK5uy_nGrs32mty30on3l7GuWKZDsPoL2zes5xQ
Wind & Wuthering,"Genesis",1976,PLWnwFAnZO1AFA-7h0m8ZTaUqx6kcl00hY
"Pretzel Logic","Steely Dan",1974,OLAK5uy_lnBCF5OJoEQS_J3TuAMTWO_qQkC6Cq4Hk
"Aja","Steely Dan",1977,OLAK5uy_nNSt2pxzqur9OlUok2h9mJDnHQ1YqFA-8
"The Thing With Feathers","Exploring Birdsong",2019,
"The Raven That Refused To Sing","Wilson, Steven",2013,OLAK5uy_minQ5ExLHbNcf5SgPBbPt0rCgNh7eMEVU
"Hand Cannot Erase","Wilson, Steven",2015,OLAK5uy_n2oycCelG5Z5dIJTygAJFpUSPyqXW7GIs
"To The Bone","Wilson, Steven",2017,OLAK5uy_kyfC0GR15WV6FpFny9RgLu9hfe2QjW6m4
"The Future Bites","Wilson, Steven",2021,OLAK5uy_miw6mx8Z550gm4p43o1PB4l3IgjaAZM6g
"Central Reservation","Orton, Beth",1999,OLAK5uy_k0EHZkg24DrZ82JMmrhZigTxLm60Wp3cU
"The Mountain","Haken",2013,OLAK5uy_mgkHPkfiUG8S1GwHX2K2kZZx6pEOQc6o0
"Affinity","Haken",2016,OLAK5uy_mHvCMb92d3-SC9QTGqOegM-XIelynWUl0
"Chants From Another Place","Hult√©n, Jonathan",2020,OLAK5uy_mqi-5jVuvZsxQYv8HbTTXvWtzZSMpCX7c
"Phantom Island","King Gizzard & The Lizard Wizard",2025,OLAK5uy_lq5afHOOumMhgSyJpmCI1WBU_3TpTa3p8
"The Queen Of The Lowlands","Michell, Odette",2025,
